<?xml version="1.0" encoding="UTF-8"?>

<beans xmlns="http://www.springframework.org/schema/beans" xmlns:xsi="http://www.w3.org/2001/XMLSchema-instance"
	xmlns:mvc="http://www.springframework.org/schema/mvc" xmlns:context="http://www.springframework.org/schema/context"
	xsi:schemaLocation="http://www.springframework.org/schema/mvc http://www.springframework.org/schema/mvc/spring-mvc.xsd
		http://www.springframework.org/schema/beans http://www.springframework.org/schema/beans/spring-beans.xsd
		http://www.springframework.org/schema/context http://www.springframework.org/schema/context/spring-context.xsd">

    <!-- Uncomment and your base-package here:
         <context:component-scan
            base-package="org.springframework.samples.web"/>  -->


    <mvc:annotation-driven />
    <mvc:resources mapping="/resources/**" location="WEB-INF/resources/" />

	<bean class="org.springframework.web.servlet.view.InternalResourceViewResolver">
	        <!-- Example: a logical view name of 'showMessage' is mapped to '/WEB-INF/jsp/showMessage.jsp' -->
	        <property name="prefix" value="/WEB-INF/view/"/>
	        <property name="suffix" value=".jsp"/>
	</bean>
	
	<context:component-scan base-package="com.controller.main" />
	<context:component-scan base-package="com.controller.member" />
	<context:component-scan base-package="com.controller.partnerr" />
	<context:component-scan base-package="com.controller.admin" />
	<context:component-scan base-package="com.controller.article" />
	<context:component-scan base-package="com.controller.write" />
	<context:component-scan base-package="com.service.main" />
	<context:component-scan base-package="com.service.member" />
	<context:component-scan base-package="com.service.partner" />
	<context:component-scan base-package="com.service.admin" />
	<context:component-scan base-package="com.service.article" />
	<context:component-scan base-package="com.service.write" />
	<context:component-scan base-package="com.all.dao" />
	<context:component-scan base-package="com.all.model" />

	<context:component-scan base-package="com.controller.join" />
</beans>
