<?xml version="1.0" encoding="UTF-8"?>

<beans xmlns="http://www.springframework.org/schema/beans" xmlns:xsi="http://www.w3.org/2001/XMLSchema-instance"
	xmlns:context="http://www.springframework.org/schema/context"
	xsi:schemaLocation="http://www.springframework.org/schema/beans http://www.springframework.org/schema/beans/spring-beans.xsd
		http://www.springframework.org/schema/context http://www.springframework.org/schema/context/spring-context.xsd">
    
    <!-- Uncomment and add your base-package here:
         <context:component-scan
            base-package="org.springframework.samples.service"/>  -->
    
    <bean id="dataSource" 
		class="org.apache.commons.dbcp2.BasicDataSource" 
		destroy-method="close">		
		<property name="driverClassName">
			<value>com.mysql.cj.jdbc.Driver</value>
		</property>
		<property name="url" 
			value="jdbc:mysql://localhost:3306/jk?serverTimezone=UTC" /> <!-- 사크마 변경 체크 -->
		<property name="username" value="root" />
		<property name="password" value="SystemManager402" />		
	</bean>
	
	<bean id="sqlSessionFactory" 
		class="org.mybatis.spring.SqlSessionFactoryBean">
		<property name="dataSource" ref="dataSource"/>
		<property name="configLocation" 
			value="classpath:spring/mybatisConfig.xml"/>
		<property name="mapperLocations" 
			value="classpath:spring/mapper/**/*Mapper.xml" />		
	</bean>	
	<bean id="sqlSession" class="org.mybatis.spring.SqlSessionTemplate">
		<constructor-arg index="0" ref="sqlSessionFactory" />
	</bean>
	
</beans>
